,greenurl
0,https://www.nytimes.com/2020/06/15/opinion/coronavirus-stock-market.html
1,https://www.nytimes.com/2020/06/15/us/politics/congress-trading-stock-loeffler-burr.html
2,https://www.nytimes.com/2020/06/15/business/stock-market-dow-news-coronavirus.html
3,https://www.nytimes.com/2020/06/15/business/dealbook/dave-portnoy-markets.html
4,https://www.nytimes.com/2020/06/15/business/china-he-xiangjian-kidnap.html
5,https://www.nytimes.com/2020/06/15/briefing/beijing-outbreak-stock-markets.html
6,https://www.nytimes.com/2020/06/14/arts/television/billions-recap-episode-7.html
7,https://www.nytimes.com/2020/05/14/us/politics/richard-burr-stocks.html
8,https://www.nytimes.com/2020/05/14/opinion/trump-covid-experts.html
9,https://www.nytimes.com/2020/05/14/business/stocks-live-coronavirus.html
10,https://www.nytimes.com/2020/05/14/business/dealbook/satya-nadella-microsoft.html
11,https://www.nytimes.com/2020/05/14/us/coronavirus-alaska-fishing-copper-river.html
12,https://www.nytimes.com/2020/05/14/opinion/letters/coronavirus-trump-fauci.html
13,https://www.nytimes.com/2020/09/25/business/dealbook/coronavirus-office-disclosure.html
14,https://www.nytimes.com/2020/09/25/world/covid-coronavirus.html
15,https://www.nytimes.com/2020/07/14/business/dealbook/spac-blank-check.html
16,https://www.nytimes.com/2020/07/14/us/coronavirus-briefing-what-happened-today.html
17,https://www.nytimes.com/2020/07/14/nyregion/grocery-store-shortages.html
18,https://www.nytimes.com/2020/03/13/upshot/stock-market-selloffs.html
19,https://www.nytimes.com/2020/03/13/business/dealbook/coronavirus-markets-stocks.html
20,https://www.nytimes.com/2020/03/13/business/coronavirus-global-economy.html
21,https://www.nytimes.com/2020/03/13/briefing/coronavirus-markets-italy.html
22,https://www.nytimes.com/2020/03/13/business/stocks-surge-trump-coronavirus-tests.html
23,https://www.nytimes.com/2020/03/13/business/coronavirus-scams.html
24,https://www.nytimes.com/2020/03/13/business/retirement/stock-market-bonds.html
25,https://www.nytimes.com/2020/03/13/us/politics/coronavirus-trump-polling.html
26,https://www.nytimes.com/2020/03/13/business/live-stock-market.html
27,https://www.nytimes.com/article/coronavirus-money-advice.html
28,https://www.nytimes.com/2020/03/26/us/national-cathedral-masks-donation-coronavirus.html
29,https://www.nytimes.com/2020/03/26/business/stock-market-rises-coronavirus.html
30,https://www.nytimes.com/2020/03/26/style/coronavirus-shopping.html
31,https://www.nytimes.com/2020/03/26/arts/design/art-basel-coronavirus.html
32,https://www.nytimes.com/2020/03/26/business/coronavirus-real-estate-investors-stimulus.html
33,https://www.nytimes.com/2020/03/26/opinion/covid-trump-plan.html
34,https://www.nytimes.com/2020/03/26/opinion/coronavirus-elderly-vulnerable-religion.html
35,https://www.nytimes.com/2020/03/26/learning/lesson-of-the-day-5-key-things-in-the-2-trillion-coronavirus-stimulus-package.html
36,https://www.nytimes.com/2020/03/26/arts/television/babylon-berlin-my-brilliant-friend.html
37,https://www.nytimes.com/2020/03/26/us/politics/coronavirus-health-care.html
38,https://www.nytimes.com/2020/03/24/business/coronavirus-stock-buybacks.html
39,https://www.nytimes.com/2020/03/24/opinion/trump-coronavirus-economy.html
40,https://www.nytimes.com/2020/03/24/business/coronavirus-stock-market-live-tracker.html
41,https://www.nytimes.com/2020/03/24/business/dealbook/coronavirus-trump-economy.html
42,https://www.nytimes.com/2020/03/23/business/trump-coronavirus-economy.html
43,https://www.nytimes.com/2020/03/24/opinion/covid-ethics-politics.html
44,https://www.nytimes.com/article/coronavirus-weed-marijuana.html
45,https://www.nytimes.com/2020/03/24/opinion/coronavirus-economy-social-distancing.html
46,https://www.nytimes.com/2020/03/24/world/europe/uk-coronavirus-tests-profiteering.html
47,https://www.nytimes.com/2020/03/17/briefing/coronavirus-stock-markets-primary-elections.html
48,https://www.nytimes.com/2020/03/16/business/fed-discount-window.html
49,https://www.nytimes.com/2020/03/17/reader-center/coronavirus-economy-reporter.html
50,https://www.nytimes.com/2020/03/17/briefing/coronavirus-france-italy.html
51,https://www.nytimes.com/article/coronavirus-mortgage-rates.html
52,https://www.nytimes.com/2020/03/17/business/dealbook/coronavirus-airline-bailouts.html
53,https://www.nytimes.com/2020/03/17/business/stock-market-today.html
54,https://www.nytimes.com/2020/03/17/business/economy/federal-reserve-coronavirus.html
55,https://www.nytimes.com/2020/03/17/opinion/coronavirus-news.html
56,https://www.nytimes.com/2020/03/17/dining/food-shortage-coronavirus.html
57,https://www.nytimes.com/2020/03/02/business/coronavirus-bond-yields-stock-market.html
58,https://www.nytimes.com/2020/03/01/opinion/coronavirus-economy-recession.html
59,https://www.nytimes.com/2020/03/02/business/stock-market-today.html
60,https://www.nytimes.com/2020/03/02/opinion/coronavirus-trump.html
61,https://www.nytimes.com/2020/03/02/business/economy/global-economy-coronavirus.html
62,https://www.nytimes.com/2020/03/02/business/jack-welch-died.html
63,https://www.nytimes.com/2020/03/01/business/media/ben-smith-journalism-news-publishers-local.html
64,https://www.nytimes.com/2020/03/02/world/coronavirus-updates-news-covid-19.html
65,https://www.nytimes.com/2020/04/06/business/millennials-economic-crisis-virus.html
66,https://www.nytimes.com/2020/04/06/business/coronavirus-stock-market-live.html
67,https://www.nytimes.com/2020/04/06/briefing/coronavirus-boris-johnson-economy.html
68,https://www.nytimes.com/2020/04/06/briefing/coronavirus-italy-nordic-preppers.html
69,https://www.nytimes.com/2020/04/06/technology/airbnb-coronavirus-valuation.html
70,https://www.nytimes.com/2020/04/06/nyregion/coronavirus-new-york-curve.html
71,https://www.nytimes.com/2020/04/06/business/dealbook/jpmorgan-jamie-dimon-letter.html
72,https://www.nytimes.com/2020/04/06/sports/ncaabasketball/coronavirus-sports-betting.html
73,https://www.nytimes.com/2020/04/06/world/coronavirus-live-news-updates.html
