,Red5
0,https://www.nytimes.com/2020/06/11/briefing/stock-market-mark-milley-spike-lee.html
1,https://www.nytimes.com/2020/06/11/business/market-drop-coronavirus.html
2,https://www.nytimes.com/2020/06/11/business/stock-market-tracker-coronavirus.html
3,https://www.nytimes.com/2020/06/11/opinion/trump-2020-election.html
4,https://www.nytimes.com/2020/06/11/business/dealbook/grubhub-uber-just-eat.html
5,https://www.nytimes.com/2020/09/03/business/stock-market-shares-covid.html
6,https://www.nytimes.com/2020/09/03/us/elections/a-wave-of-polls-taken-after-the-conventions-show-little-change-in-bidens-lead.html
7,https://www.nytimes.com/2020/09/03/upshot/polls-2020-election.html
8,https://www.nytimes.com/2020/09/03/business/dealbook/bloomberg-black-medical-schools.html
9,https://www.nytimes.com/2020/09/03/world/covid-coronavirus.html
10,https://www.nytimes.com/2020/09/23/business/united-states-is-the-richest-country-in-the-world-and-it-has-the-biggest-wealth-gap.html
11,https://www.nytimes.com/2020/09/22/business/tesla-elon-musk-battery-day.html
12,https://www.nytimes.com/2020/09/23/business/walmart-tiktok-groceries.html
13,https://www.nytimes.com/2020/09/23/us/hurricane-laura-storm-beta.html
14,https://www.nytimes.com/2020/09/23/us/oregon-fires-politics.html
15,https://www.nytimes.com/interactive/2020/05/12/learning/12News-Quiz-for-Students.html
16,https://www.nytimes.com/2020/05/12/business/stock-market-live-coronavirus.html
17,https://www.nytimes.com/2020/05/12/technology/uber-grubhub-deal.html
18,https://www.nytimes.com/2020/05/12/us/politics/democrats-coronavirus-relief-proposal.html
19,https://www.nytimes.com/2020/05/12/business/dealbook/fed-bond-etf.html
20,https://www.nytimes.com/2020/05/12/books/review/enemy-of-all-mankind-steven-johnson.html
21,https://www.nytimes.com/2021/01/27/business/gamestop-td-ameritrade-robinhood.html
22,https://www.nytimes.com/2021/01/27/business/gamestop-wall-street-bets.html
23,https://www.nytimes.com/2021/01/26/opinion/us-capitalism-socialism.html
24,https://www.nytimes.com/2021/01/27/business/dealbook/reddit-wallstreetbets-gamestop.html
25,https://www.nytimes.com/2021/01/27/business/economy/fed-interest-rates-economy.html
26,https://www.nytimes.com/2021/01/27/business/tesla-earnings.html
27,https://www.nytimes.com/2021/01/27/dining/cooking-with-confidence.html
28,https://www.nytimes.com/2021/01/27/briefing/climate-change-capitol-hill-cloris-leachman.html
29,https://www.nytimes.com/2021/01/27/realestate/mahwah-nj.html
30,https://www.nytimes.com/2020/09/10/business/dealbook/milton-friedman-inequality.html
31,https://www.nytimes.com/2020/09/10/us/elections/biden-says-his-rival-failed-to-do-his-job-on-purpose-as-the-virus-ravaged-the-country.html
32,https://www.nytimes.com/2020/09/10/opinion/donald-trump-coronavirus.html
33,https://www.nytimes.com/2020/09/10/business/chevy-engine-corvette-sbc.html
34,https://www.nytimes.com/2020/10/28/business/stock-market-coronavirus.html
35,https://www.nytimes.com/2020/10/28/us/politics/trump-coronavirus.html
36,https://www.nytimes.com/2020/10/28/business/trump-china-election.html
37,https://www.nytimes.com/2020/10/28/us/politics/michigan-poll-trump-biden.html
38,https://www.nytimes.com/2020/10/28/world/europe/france-germany-coronavirus-covid.html
39,https://www.nytimes.com/2020/10/28/arts/design/about-time-costume-institute-fashion-met.html
40,https://www.nytimes.com/2020/10/28/business/dealbook/paypal-invests-in-racial-equality.html
41,https://www.nytimes.com/2020/06/26/business/investing-stock-market-fear.html
42,https://www.nytimes.com/2020/06/26/business/stock-market-prices-irrational.html
43,https://www.nytimes.com/2020/06/26/business/stock-market-today-coronavirus.html
44,https://www.nytimes.com/2020/06/26/your-money/philanthropy-pandemic-coronavirus.html
45,https://www.nytimes.com/2020/06/26/arts/music/classical-music-conductors-coronavirus.html
46,https://www.nytimes.com/2020/06/26/business/dealbook/fed-stress-test-volcker-rule.html
47,https://www.nytimes.com/2020/06/26/t-magazine/jesse-kamm-quinoa-bowl-recipe.html
48,https://www.nytimes.com/2020/06/26/nyregion/rockaway-beach-drownings.html
49,https://www.nytimes.com/2020/06/26/realestate/could-doomsday-bunkers-become-the-new-normal.html
50,https://www.nytimes.com/2020/06/24/business/stock-market-today-coronavirus.html
51,https://www.nytimes.com/2020/06/24/opinion/sunday/income-wealth-inequality-america.html
52,https://www.nytimes.com/2020/06/24/world/coronavirus-updates.html
53,https://www.nytimes.com/2020/06/24/business/dealbook/jeff-ubben-valueact-esg.html
54,https://www.nytimes.com/interactive/2020/06/24/magazine/reparations-slavery.html
55,https://www.nytimes.com/2020/10/19/business/dealbook/biden-tax-economy.html
56,https://www.nytimes.com/2020/10/19/books/review-richard-avedon-biography-what-becomes-legend-most-philip-gefter.html
57,https://www.nytimes.com/2020/10/18/business/china-economy-covid.html
58,https://www.nytimes.com/2020/10/19/briefing/china-economy-rebound-nazca-lines.html
